{"precision": 0.9677098967069833, "recall": 0.9612283307300336, "f1-score": 0.9644365543488351, "support": 1839}