{"precision": 0.9635418085199745, "recall": 0.9585009578544061, "f1-score": 0.96100109626105, "support": 1672}